file,n_colors,solved,coloring_exists,time,nodes,instantiation
anna.col,10,true,false,0.0009319782257080078,10,"[-1, -1, -1, -1, -1, -1, -1, -1, -1, -1, -1, -1, -1, -1, -1, -1, -1, -1, -1, -1, -1, -1, -1, -1, -1, -1, -1, -1, -1, -1, -1, -1, -1, -1, -1, -1, -1, -1, -1, -1, -1, -1, -1, -1, -1, -1, -1, -1, -1, -1, -1, -1, -1, -1, -1, -1, -1, -1, -1, -1, -1, -1, -1, -1, -1, -1, -1, -1, -1, -1, -1, -1, -1, -1, -1, -1, -1, -1, -1, -1, -1, -1, -1, -1, -1, -1, -1, -1, -1, -1, -1, -1, -1, -1, -1, -1, -1, -1, -1, -1, -1, -1, -1, -1, -1, -1, -1, -1, -1, -1, -1, -1, -1, -1, -1, -1, -1, -1, -1, -1, -1, -1, -1, -1, -1, -1, -1, -1, -1, -1, -1, -1, -1, -1, -1, -1, -1, -1]"
anna.col,11,true,true,0.004430055618286133,138,"[1, 1, 1, 11, 1, 11, 9, 10, 7, 11, 11, 11, 9, 1, 11, 7, 1, 1, 11, 11, 6, 9, 11, 1, 1, 7, 11, 8, 7, 1, 11, 7, 6, 8, 9, 4, 1, 1, 11, 10, 10, 1, 1, 11, 7, 6, 1, 1, 1, 11, 7, 9, 8, 1, 10, 1, 10, 8, 10, 9, 1, 9, 10, 11, 1, 1, 10, 8, 11, 8, 1, 5, 1, 2, 11, 6, 9, 4, 11, 11, 10, 9, 11, 10, 9, 1, 11, 11, 10, 10, 11, 9, 8, 9, 10, 10, 11, 1, 8, 11, 6, 1, 11, 9, 11, 1, 11, 11, 1, 1, 1, 1, 11, 11, 1, 7, 1, 11, 1, 8, 11, 9, 11, 11, 1, 1, 11, 1, 1, 7, 9, 11, 8, 1, 6, 5, 9, 3]"
david.col,10,true,false,0.00039696693420410156,10,"[-1, -1, -1, -1, -1, -1, -1, -1, -1, -1, -1, -1, -1, -1, -1, -1, -1, -1, -1, -1, -1, -1, -1, -1, -1, -1, -1, -1, -1, -1, -1, -1, -1, -1, -1, -1, -1, -1, -1, -1, -1, -1, -1, -1, -1, -1, -1, -1, -1, -1, -1, -1, -1, -1, -1, -1, -1, -1, -1, -1, -1, -1, -1, -1, -1, -1, -1, -1, -1, -1, -1, -1, -1, -1, -1, -1, -1, -1, -1, -1, -1, -1, -1, -1, -1, -1, -1]"
david.col,11,true,true,0.0013949871063232422,87,"[10, 2, 10, 7, 9, 10, 11, 11, 11, 10, 10, 3, 9, 9, 11, 9, 7, 11, 5, 5, 4, 8, 11, 10, 11, 11, 10, 11, 5, 11, 11, 8, 9, 6, 7, 11, 10, 11, 9, 7, 11, 11, 7, 9, 9, 11, 11, 11, 6, 3, 9, 7, 8, 10, 9, 10, 10, 8, 10, 8, 9, 11, 10, 11, 11, 3, 8, 8, 10, 7, 9, 6, 11, 10, 11, 6, 7, 11, 8, 9, 6, 11, 1, 6, 1, 9, 4]"
games120.col,8,true,false,0.0003609657287597656,8,"[-1, -1, -1, -1, -1, -1, -1, -1, -1, -1, -1, -1, -1, -1, -1, -1, -1, -1, -1, -1, -1, -1, -1, -1, -1, -1, -1, -1, -1, -1, -1, -1, -1, -1, -1, -1, -1, -1, -1, -1, -1, -1, -1, -1, -1, -1, -1, -1, -1, -1, -1, -1, -1, -1, -1, -1, -1, -1, -1, -1, -1, -1, -1, -1, -1, -1, -1, -1, -1, -1, -1, -1, -1, -1, -1, -1, -1, -1, -1, -1, -1, -1, -1, -1, -1, -1, -1, -1, -1, -1, -1, -1, -1, -1, -1, -1, -1, -1, -1, -1, -1, -1, -1, -1, -1, -1, -1, -1, -1, -1, -1, -1, -1, -1, -1, -1, -1, -1, -1, -1]"
games120.col,9,true,true,0.0024929046630859375,120,"[9, 5, 5, 7, 7, 1, 6, 4, 6, 5, 8, 9, 5, 4, 8, 1, 9, 1, 7, 7, 2, 7, 1, 6, 9, 6, 7, 1, 8, 7, 7, 9, 1, 8, 6, 8, 5, 8, 1, 8, 9, 1, 3, 4, 1, 7, 9, 8, 9, 8, 9, 9, 5, 9, 6, 5, 8, 9, 6, 7, 3, 4, 1, 7, 9, 9, 6, 6, 8, 1, 6, 9, 7, 6, 7, 1, 1, 1, 6, 8, 4, 5, 3, 6, 8, 9, 3, 1, 5, 3, 8, 8, 9, 6, 4, 6, 8, 7, 4, 8, 1, 4, 2, 1, 9, 6, 5, 1, 7, 8, 1, 7, 4, 1, 7, 7, 5, 1, 3, 4]"
homer.col,12,true,false,0.002151966094970703,12,"[-1, -1, -1, -1, -1, -1, -1, -1, -1, -1, -1, -1, -1, -1, -1, -1, -1, -1, -1, -1, -1, -1, -1, -1, -1, -1, -1, -1, -1, -1, -1, -1, -1, -1, -1, -1, -1, -1, -1, -1, -1, -1, -1, -1, -1, -1, -1, -1, -1, -1, -1, -1, -1, -1, -1, -1, -1, -1, -1, -1, -1, -1, -1, -1, -1, -1, -1, -1, -1, -1, -1, -1, -1, -1, -1, -1, -1, -1, -1, -1, -1, -1, -1, -1, -1, -1, -1, -1, -1, -1, -1, -1, -1, -1, -1, -1, -1, -1, -1, -1, -1, -1, -1, -1, -1, -1, -1, -1, -1, -1, -1, -1, -1, -1, -1, -1, -1, -1, -1, -1, -1, -1, -1, -1, -1, -1, -1, -1, -1, -1, -1, -1, -1, -1, -1, -1, -1, -1, -1, -1, -1, -1, -1, -1, -1, -1, -1, -1, -1, -1, -1, -1, -1, -1, -1, -1, -1, -1, -1, -1, -1, -1, -1, -1, -1, -1, -1, -1, -1, -1, -1, -1, -1, -1, -1, -1, -1, -1, -1, -1, -1, -1, -1, -1, -1, -1, -1, -1, -1, -1, -1, -1, -1, -1, -1, -1, -1, -1, -1, -1, -1, -1, -1, -1, -1, -1, -1, -1, -1, -1, -1, -1, -1, -1, -1, -1, -1, -1, -1, -1, -1, -1, -1, -1, -1, -1, -1, -1, -1, -1, -1, -1, -1, -1, -1, -1, -1, -1, -1, -1, -1, -1, -1, -1, -1, -1, -1, -1, -1, -1, -1, -1, -1, -1, -1, -1, -1, -1, -1, -1, -1, -1, -1, -1, -1, -1, -1, -1, -1, -1, -1, -1, -1, -1, -1, -1, -1, -1, -1, -1, -1, -1, -1, -1, -1, -1, -1, -1, -1, -1, -1, -1, -1, -1, -1, -1, -1, -1, -1, -1, -1, -1, -1, -1, -1, -1, -1, -1, -1, -1, -1, -1, -1, -1, -1, -1, -1, -1, -1, -1, -1, -1, -1, -1, -1, -1, -1, -1, -1, -1, -1, -1, -1, -1, -1, -1, -1, -1, -1, -1, -1, -1, -1, -1, -1, -1, -1, -1, -1, -1, -1, -1, -1, -1, -1, -1, -1, -1, -1, -1, -1, -1, -1, -1, -1, -1, -1, -1, -1, -1, -1, -1, -1, -1, -1, -1, -1, -1, -1, -1, -1, -1, -1, -1, -1, -1, -1, -1, -1, -1, -1, -1, -1, -1, -1, -1, -1, -1, -1, -1, -1, -1, -1, -1, -1, -1, -1, -1, -1, -1, -1, -1, -1, -1, -1, -1, -1, -1, -1, -1, -1, -1, -1, -1, -1, -1, -1, -1, -1, -1, -1, -1, -1, -1, -1, -1, -1, -1, -1, -1, -1, -1, -1, -1, -1, -1, -1, -1, -1, -1, -1, -1, -1, -1, -1, -1, -1, -1, -1, -1, -1, -1, -1, -1, -1, -1, -1, -1, -1, -1, -1, -1, -1, -1, -1, -1, -1, -1, -1, -1, -1, -1, -1, -1, -1, -1, -1, -1, -1, -1, -1, -1, -1, -1, -1, -1, -1, -1, -1, -1, -1, -1, -1, -1, -1, -1, -1, -1, -1, -1, -1, -1, -1, -1, -1, -1, -1, -1, -1, -1, -1, -1, -1, -1, -1, -1, -1, -1, -1, -1, -1, -1, -1, -1, -1, -1, -1, -1, -1, -1, -1, -1, -1, -1, -1, -1, -1, -1, -1, -1, -1, -1, -1, -1, -1, -1, -1, -1, -1, -1, -1]"
homer.col,13,false,false,25.00436282157898,-1,Int64[]
huck.col,10,true,false,0.0002551078796386719,10,"[-1, -1, -1, -1, -1, -1, -1, -1, -1, -1, -1, -1, -1, -1, -1, -1, -1, -1, -1, -1, -1, -1, -1, -1, -1, -1, -1, -1, -1, -1, -1, -1, -1, -1, -1, -1, -1, -1, -1, -1, -1, -1, -1, -1, -1, -1, -1, -1, -1, -1, -1, -1, -1, -1, -1, -1, -1, -1, -1, -1, -1, -1, -1, -1, -1, -1, -1, -1, -1, -1, -1, -1, -1, -1]"
huck.col,11,true,true,0.0008740425109863281,74,"[11, 6, 10, 9, 9, 4, 1, 5, 8, 9, 2, 5, 3, 1, 11, 10, 8, 11, 10, 10, 6, 7, 9, 9, 4, 1, 5, 1, 6, 11, 10, 10, 1, 11, 1, 10, 1, 6, 7, 7, 8, 11, 1, 9, 10, 7, 6, 10, 10, 5, 7, 7, 11, 11, 1, 3, 11, 11, 8, 6, 1, 10, 1, 5, 11, 11, 7, 7, 6, 11, 1, 7, 4, 9]"
jean.col,9,true,false,0.000244140625,9,"[-1, -1, -1, -1, -1, -1, -1, -1, -1, -1, -1, -1, -1, -1, -1, -1, -1, -1, -1, -1, -1, -1, -1, -1, -1, -1, -1, -1, -1, -1, -1, -1, -1, -1, -1, -1, -1, -1, -1, -1, -1, -1, -1, -1, -1, -1, -1, -1, -1, -1, -1, -1, -1, -1, -1, -1, -1, -1, -1, -1, -1, -1, -1, -1, -1, -1, -1, -1, -1, -1, -1, -1, -1, -1, -1, -1, -1, -1, -1, -1]"
jean.col,10,true,true,0.001071929931640625,80,"[1, 8, 10, 10, 9, 9, 2, 1, 3, 6, 1, 1, 1, 9, 10, 8, 10, 8, 7, 8, 1, 7, 1, 1, 9, 1, 5, 8, 9, 10, 10, 1, 1, 4, 6, 1, 1, 9, 5, 4, 1, 9, 10, 9, 10, 9, 1, 1, 1, 9, 1, 1, 10, 1, 5, 10, 7, 10, 6, 9, 10, 10, 6, 10, 1, 5, 10, 1, 7, 10, 1, 6, 8, 1, 10, 1, 7, 9, 8, 1]"
le450_15a.col,14,true,false,0.0029020309448242188,14,"[-1, -1, -1, -1, -1, -1, -1, -1, -1, -1, -1, -1, -1, -1, -1, -1, -1, -1, -1, -1, -1, -1, -1, -1, -1, -1, -1, -1, -1, -1, -1, -1, -1, -1, -1, -1, -1, -1, -1, -1, -1, -1, -1, -1, -1, -1, -1, -1, -1, -1, -1, -1, -1, -1, -1, -1, -1, -1, -1, -1, -1, -1, -1, -1, -1, -1, -1, -1, -1, -1, -1, -1, -1, -1, -1, -1, -1, -1, -1, -1, -1, -1, -1, -1, -1, -1, -1, -1, -1, -1, -1, -1, -1, -1, -1, -1, -1, -1, -1, -1, -1, -1, -1, -1, -1, -1, -1, -1, -1, -1, -1, -1, -1, -1, -1, -1, -1, -1, -1, -1, -1, -1, -1, -1, -1, -1, -1, -1, -1, -1, -1, -1, -1, -1, -1, -1, -1, -1, -1, -1, -1, -1, -1, -1, -1, -1, -1, -1, -1, -1, -1, -1, -1, -1, -1, -1, -1, -1, -1, -1, -1, -1, -1, -1, -1, -1, -1, -1, -1, -1, -1, -1, -1, -1, -1, -1, -1, -1, -1, -1, -1, -1, -1, -1, -1, -1, -1, -1, -1, -1, -1, -1, -1, -1, -1, -1, -1, -1, -1, -1, -1, -1, -1, -1, -1, -1, -1, -1, -1, -1, -1, -1, -1, -1, -1, -1, -1, -1, -1, -1, -1, -1, -1, -1, -1, -1, -1, -1, -1, -1, -1, -1, -1, -1, -1, -1, -1, -1, -1, -1, -1, -1, -1, -1, -1, -1, -1, -1, -1, -1, -1, -1, -1, -1, -1, -1, -1, -1, -1, -1, -1, -1, -1, -1, -1, -1, -1, -1, -1, -1, -1, -1, -1, -1, -1, -1, -1, -1, -1, -1, -1, -1, -1, -1, -1, -1, -1, -1, -1, -1, -1, -1, -1, -1, -1, -1, -1, -1, -1, -1, -1, -1, -1, -1, -1, -1, -1, -1, -1, -1, -1, -1, -1, -1, -1, -1, -1, -1, -1, -1, -1, -1, -1, -1, -1, -1, -1, -1, -1, -1, -1, -1, -1, -1, -1, -1, -1, -1, -1, -1, -1, -1, -1, -1, -1, -1, -1, -1, -1, -1, -1, -1, -1, -1, -1, -1, -1, -1, -1, -1, -1, -1, -1, -1, -1, -1, -1, -1, -1, -1, -1, -1, -1, -1, -1, -1, -1, -1, -1, -1, -1, -1, -1, -1, -1, -1, -1, -1, -1, -1, -1, -1, -1, -1, -1, -1, -1, -1, -1, -1, -1, -1, -1, -1, -1, -1, -1, -1, -1, -1, -1, -1, -1, -1, -1, -1, -1, -1, -1, -1, -1, -1, -1, -1, -1, -1, -1, -1, -1, -1, -1, -1, -1, -1, -1, -1, -1, -1, -1, -1, -1, -1, -1, -1, -1, -1, -1, -1, -1, -1]"
le450_15a.col,15,false,false,25.106271982192993,-1,Int64[]
le450_15b.col,14,true,false,0.002490997314453125,14,"[-1, -1, -1, -1, -1, -1, -1, -1, -1, -1, -1, -1, -1, -1, -1, -1, -1, -1, -1, -1, -1, -1, -1, -1, -1, -1, -1, -1, -1, -1, -1, -1, -1, -1, -1, -1, -1, -1, -1, -1, -1, -1, -1, -1, -1, -1, -1, -1, -1, -1, -1, -1, -1, -1, -1, -1, -1, -1, -1, -1, -1, -1, -1, -1, -1, -1, -1, -1, -1, -1, -1, -1, -1, -1, -1, -1, -1, -1, -1, -1, -1, -1, -1, -1, -1, -1, -1, -1, -1, -1, -1, -1, -1, -1, -1, -1, -1, -1, -1, -1, -1, -1, -1, -1, -1, -1, -1, -1, -1, -1, -1, -1, -1, -1, -1, -1, -1, -1, -1, -1, -1, -1, -1, -1, -1, -1, -1, -1, -1, -1, -1, -1, -1, -1, -1, -1, -1, -1, -1, -1, -1, -1, -1, -1, -1, -1, -1, -1, -1, -1, -1, -1, -1, -1, -1, -1, -1, -1, -1, -1, -1, -1, -1, -1, -1, -1, -1, -1, -1, -1, -1, -1, -1, -1, -1, -1, -1, -1, -1, -1, -1, -1, -1, -1, -1, -1, -1, -1, -1, -1, -1, -1, -1, -1, -1, -1, -1, -1, -1, -1, -1, -1, -1, -1, -1, -1, -1, -1, -1, -1, -1, -1, -1, -1, -1, -1, -1, -1, -1, -1, -1, -1, -1, -1, -1, -1, -1, -1, -1, -1, -1, -1, -1, -1, -1, -1, -1, -1, -1, -1, -1, -1, -1, -1, -1, -1, -1, -1, -1, -1, -1, -1, -1, -1, -1, -1, -1, -1, -1, -1, -1, -1, -1, -1, -1, -1, -1, -1, -1, -1, -1, -1, -1, -1, -1, -1, -1, -1, -1, -1, -1, -1, -1, -1, -1, -1, -1, -1, -1, -1, -1, -1, -1, -1, -1, -1, -1, -1, -1, -1, -1, -1, -1, -1, -1, -1, -1, -1, -1, -1, -1, -1, -1, -1, -1, -1, -1, -1, -1, -1, -1, -1, -1, -1, -1, -1, -1, -1, -1, -1, -1, -1, -1, -1, -1, -1, -1, -1, -1, -1, -1, -1, -1, -1, -1, -1, -1, -1, -1, -1, -1, -1, -1, -1, -1, -1, -1, -1, -1, -1, -1, -1, -1, -1, -1, -1, -1, -1, -1, -1, -1, -1, -1, -1, -1, -1, -1, -1, -1, -1, -1, -1, -1, -1, -1, -1, -1, -1, -1, -1, -1, -1, -1, -1, -1, -1, -1, -1, -1, -1, -1, -1, -1, -1, -1, -1, -1, -1, -1, -1, -1, -1, -1, -1, -1, -1, -1, -1, -1, -1, -1, -1, -1, -1, -1, -1, -1, -1, -1, -1, -1, -1, -1, -1, -1, -1, -1, -1, -1, -1, -1, -1, -1, -1, -1, -1, -1, -1, -1, -1]"
le450_15b.col,15,false,false,25.09736704826355,-1,Int64[]
le450_15c.col,14,true,false,0.002568960189819336,14,"[-1, -1, -1, -1, -1, -1, -1, -1, -1, -1, -1, -1, -1, -1, -1, -1, -1, -1, -1, -1, -1, -1, -1, -1, -1, -1, -1, -1, -1, -1, -1, -1, -1, -1, -1, -1, -1, -1, -1, -1, -1, -1, -1, -1, -1, -1, -1, -1, -1, -1, -1, -1, -1, -1, -1, -1, -1, -1, -1, -1, -1, -1, -1, -1, -1, -1, -1, -1, -1, -1, -1, -1, -1, -1, -1, -1, -1, -1, -1, -1, -1, -1, -1, -1, -1, -1, -1, -1, -1, -1, -1, -1, -1, -1, -1, -1, -1, -1, -1, -1, -1, -1, -1, -1, -1, -1, -1, -1, -1, -1, -1, -1, -1, -1, -1, -1, -1, -1, -1, -1, -1, -1, -1, -1, -1, -1, -1, -1, -1, -1, -1, -1, -1, -1, -1, -1, -1, -1, -1, -1, -1, -1, -1, -1, -1, -1, -1, -1, -1, -1, -1, -1, -1, -1, -1, -1, -1, -1, -1, -1, -1, -1, -1, -1, -1, -1, -1, -1, -1, -1, -1, -1, -1, -1, -1, -1, -1, -1, -1, -1, -1, -1, -1, -1, -1, -1, -1, -1, -1, -1, -1, -1, -1, -1, -1, -1, -1, -1, -1, -1, -1, -1, -1, -1, -1, -1, -1, -1, -1, -1, -1, -1, -1, -1, -1, -1, -1, -1, -1, -1, -1, -1, -1, -1, -1, -1, -1, -1, -1, -1, -1, -1, -1, -1, -1, -1, -1, -1, -1, -1, -1, -1, -1, -1, -1, -1, -1, -1, -1, -1, -1, -1, -1, -1, -1, -1, -1, -1, -1, -1, -1, -1, -1, -1, -1, -1, -1, -1, -1, -1, -1, -1, -1, -1, -1, -1, -1, -1, -1, -1, -1, -1, -1, -1, -1, -1, -1, -1, -1, -1, -1, -1, -1, -1, -1, -1, -1, -1, -1, -1, -1, -1, -1, -1, -1, -1, -1, -1, -1, -1, -1, -1, -1, -1, -1, -1, -1, -1, -1, -1, -1, -1, -1, -1, -1, -1, -1, -1, -1, -1, -1, -1, -1, -1, -1, -1, -1, -1, -1, -1, -1, -1, -1, -1, -1, -1, -1, -1, -1, -1, -1, -1, -1, -1, -1, -1, -1, -1, -1, -1, -1, -1, -1, -1, -1, -1, -1, -1, -1, -1, -1, -1, -1, -1, -1, -1, -1, -1, -1, -1, -1, -1, -1, -1, -1, -1, -1, -1, -1, -1, -1, -1, -1, -1, -1, -1, -1, -1, -1, -1, -1, -1, -1, -1, -1, -1, -1, -1, -1, -1, -1, -1, -1, -1, -1, -1, -1, -1, -1, -1, -1, -1, -1, -1, -1, -1, -1, -1, -1, -1, -1, -1, -1, -1, -1, -1, -1, -1, -1, -1, -1, -1, -1, -1, -1, -1, -1, -1, -1, -1]"
le450_15c.col,15,false,false,26.189177989959717,-1,Int64[]
le450_15d.col,14,true,false,0.003226041793823242,14,"[-1, -1, -1, -1, -1, -1, -1, -1, -1, -1, -1, -1, -1, -1, -1, -1, -1, -1, -1, -1, -1, -1, -1, -1, -1, -1, -1, -1, -1, -1, -1, -1, -1, -1, -1, -1, -1, -1, -1, -1, -1, -1, -1, -1, -1, -1, -1, -1, -1, -1, -1, -1, -1, -1, -1, -1, -1, -1, -1, -1, -1, -1, -1, -1, -1, -1, -1, -1, -1, -1, -1, -1, -1, -1, -1, -1, -1, -1, -1, -1, -1, -1, -1, -1, -1, -1, -1, -1, -1, -1, -1, -1, -1, -1, -1, -1, -1, -1, -1, -1, -1, -1, -1, -1, -1, -1, -1, -1, -1, -1, -1, -1, -1, -1, -1, -1, -1, -1, -1, -1, -1, -1, -1, -1, -1, -1, -1, -1, -1, -1, -1, -1, -1, -1, -1, -1, -1, -1, -1, -1, -1, -1, -1, -1, -1, -1, -1, -1, -1, -1, -1, -1, -1, -1, -1, -1, -1, -1, -1, -1, -1, -1, -1, -1, -1, -1, -1, -1, -1, -1, -1, -1, -1, -1, -1, -1, -1, -1, -1, -1, -1, -1, -1, -1, -1, -1, -1, -1, -1, -1, -1, -1, -1, -1, -1, -1, -1, -1, -1, -1, -1, -1, -1, -1, -1, -1, -1, -1, -1, -1, -1, -1, -1, -1, -1, -1, -1, -1, -1, -1, -1, -1, -1, -1, -1, -1, -1, -1, -1, -1, -1, -1, -1, -1, -1, -1, -1, -1, -1, -1, -1, -1, -1, -1, -1, -1, -1, -1, -1, -1, -1, -1, -1, -1, -1, -1, -1, -1, -1, -1, -1, -1, -1, -1, -1, -1, -1, -1, -1, -1, -1, -1, -1, -1, -1, -1, -1, -1, -1, -1, -1, -1, -1, -1, -1, -1, -1, -1, -1, -1, -1, -1, -1, -1, -1, -1, -1, -1, -1, -1, -1, -1, -1, -1, -1, -1, -1, -1, -1, -1, -1, -1, -1, -1, -1, -1, -1, -1, -1, -1, -1, -1, -1, -1, -1, -1, -1, -1, -1, -1, -1, -1, -1, -1, -1, -1, -1, -1, -1, -1, -1, -1, -1, -1, -1, -1, -1, -1, -1, -1, -1, -1, -1, -1, -1, -1, -1, -1, -1, -1, -1, -1, -1, -1, -1, -1, -1, -1, -1, -1, -1, -1, -1, -1, -1, -1, -1, -1, -1, -1, -1, -1, -1, -1, -1, -1, -1, -1, -1, -1, -1, -1, -1, -1, -1, -1, -1, -1, -1, -1, -1, -1, -1, -1, -1, -1, -1, -1, -1, -1, -1, -1, -1, -1, -1, -1, -1, -1, -1, -1, -1, -1, -1, -1, -1, -1, -1, -1, -1, -1, -1, -1, -1, -1, -1, -1, -1, -1, -1, -1, -1, -1, -1, -1, -1, -1, -1, -1, -1, -1]"
le450_15d.col,15,false,false,26.22253108024597,-1,Int64[]
le450_5a.col,4,true,false,0.0007450580596923828,4,"[-1, -1, -1, -1, -1, -1, -1, -1, -1, -1, -1, -1, -1, -1, -1, -1, -1, -1, -1, -1, -1, -1, -1, -1, -1, -1, -1, -1, -1, -1, -1, -1, -1, -1, -1, -1, -1, -1, -1, -1, -1, -1, -1, -1, -1, -1, -1, -1, -1, -1, -1, -1, -1, -1, -1, -1, -1, -1, -1, -1, -1, -1, -1, -1, -1, -1, -1, -1, -1, -1, -1, -1, -1, -1, -1, -1, -1, -1, -1, -1, -1, -1, -1, -1, -1, -1, -1, -1, -1, -1, -1, -1, -1, -1, -1, -1, -1, -1, -1, -1, -1, -1, -1, -1, -1, -1, -1, -1, -1, -1, -1, -1, -1, -1, -1, -1, -1, -1, -1, -1, -1, -1, -1, -1, -1, -1, -1, -1, -1, -1, -1, -1, -1, -1, -1, -1, -1, -1, -1, -1, -1, -1, -1, -1, -1, -1, -1, -1, -1, -1, -1, -1, -1, -1, -1, -1, -1, -1, -1, -1, -1, -1, -1, -1, -1, -1, -1, -1, -1, -1, -1, -1, -1, -1, -1, -1, -1, -1, -1, -1, -1, -1, -1, -1, -1, -1, -1, -1, -1, -1, -1, -1, -1, -1, -1, -1, -1, -1, -1, -1, -1, -1, -1, -1, -1, -1, -1, -1, -1, -1, -1, -1, -1, -1, -1, -1, -1, -1, -1, -1, -1, -1, -1, -1, -1, -1, -1, -1, -1, -1, -1, -1, -1, -1, -1, -1, -1, -1, -1, -1, -1, -1, -1, -1, -1, -1, -1, -1, -1, -1, -1, -1, -1, -1, -1, -1, -1, -1, -1, -1, -1, -1, -1, -1, -1, -1, -1, -1, -1, -1, -1, -1, -1, -1, -1, -1, -1, -1, -1, -1, -1, -1, -1, -1, -1, -1, -1, -1, -1, -1, -1, -1, -1, -1, -1, -1, -1, -1, -1, -1, -1, -1, -1, -1, -1, -1, -1, -1, -1, -1, -1, -1, -1, -1, -1, -1, -1, -1, -1, -1, -1, -1, -1, -1, -1, -1, -1, -1, -1, -1, -1, -1, -1, -1, -1, -1, -1, -1, -1, -1, -1, -1, -1, -1, -1, -1, -1, -1, -1, -1, -1, -1, -1, -1, -1, -1, -1, -1, -1, -1, -1, -1, -1, -1, -1, -1, -1, -1, -1, -1, -1, -1, -1, -1, -1, -1, -1, -1, -1, -1, -1, -1, -1, -1, -1, -1, -1, -1, -1, -1, -1, -1, -1, -1, -1, -1, -1, -1, -1, -1, -1, -1, -1, -1, -1, -1, -1, -1, -1, -1, -1, -1, -1, -1, -1, -1, -1, -1, -1, -1, -1, -1, -1, -1, -1, -1, -1, -1, -1, -1, -1, -1, -1, -1, -1, -1, -1, -1, -1, -1, -1, -1, -1, -1, -1, -1, -1, -1, -1, -1]"
le450_5a.col,5,false,false,25.040591955184937,-1,Int64[]
le450_5b.col,4,true,false,0.001260995864868164,4,"[-1, -1, -1, -1, -1, -1, -1, -1, -1, -1, -1, -1, -1, -1, -1, -1, -1, -1, -1, -1, -1, -1, -1, -1, -1, -1, -1, -1, -1, -1, -1, -1, -1, -1, -1, -1, -1, -1, -1, -1, -1, -1, -1, -1, -1, -1, -1, -1, -1, -1, -1, -1, -1, -1, -1, -1, -1, -1, -1, -1, -1, -1, -1, -1, -1, -1, -1, -1, -1, -1, -1, -1, -1, -1, -1, -1, -1, -1, -1, -1, -1, -1, -1, -1, -1, -1, -1, -1, -1, -1, -1, -1, -1, -1, -1, -1, -1, -1, -1, -1, -1, -1, -1, -1, -1, -1, -1, -1, -1, -1, -1, -1, -1, -1, -1, -1, -1, -1, -1, -1, -1, -1, -1, -1, -1, -1, -1, -1, -1, -1, -1, -1, -1, -1, -1, -1, -1, -1, -1, -1, -1, -1, -1, -1, -1, -1, -1, -1, -1, -1, -1, -1, -1, -1, -1, -1, -1, -1, -1, -1, -1, -1, -1, -1, -1, -1, -1, -1, -1, -1, -1, -1, -1, -1, -1, -1, -1, -1, -1, -1, -1, -1, -1, -1, -1, -1, -1, -1, -1, -1, -1, -1, -1, -1, -1, -1, -1, -1, -1, -1, -1, -1, -1, -1, -1, -1, -1, -1, -1, -1, -1, -1, -1, -1, -1, -1, -1, -1, -1, -1, -1, -1, -1, -1, -1, -1, -1, -1, -1, -1, -1, -1, -1, -1, -1, -1, -1, -1, -1, -1, -1, -1, -1, -1, -1, -1, -1, -1, -1, -1, -1, -1, -1, -1, -1, -1, -1, -1, -1, -1, -1, -1, -1, -1, -1, -1, -1, -1, -1, -1, -1, -1, -1, -1, -1, -1, -1, -1, -1, -1, -1, -1, -1, -1, -1, -1, -1, -1, -1, -1, -1, -1, -1, -1, -1, -1, -1, -1, -1, -1, -1, -1, -1, -1, -1, -1, -1, -1, -1, -1, -1, -1, -1, -1, -1, -1, -1, -1, -1, -1, -1, -1, -1, -1, -1, -1, -1, -1, -1, -1, -1, -1, -1, -1, -1, -1, -1, -1, -1, -1, -1, -1, -1, -1, -1, -1, -1, -1, -1, -1, -1, -1, -1, -1, -1, -1, -1, -1, -1, -1, -1, -1, -1, -1, -1, -1, -1, -1, -1, -1, -1, -1, -1, -1, -1, -1, -1, -1, -1, -1, -1, -1, -1, -1, -1, -1, -1, -1, -1, -1, -1, -1, -1, -1, -1, -1, -1, -1, -1, -1, -1, -1, -1, -1, -1, -1, -1, -1, -1, -1, -1, -1, -1, -1, -1, -1, -1, -1, -1, -1, -1, -1, -1, -1, -1, -1, -1, -1, -1, -1, -1, -1, -1, -1, -1, -1, -1, -1, -1, -1, -1, -1, -1, -1, -1, -1, -1, -1, -1, -1]"
le450_5b.col,5,false,false,25.036858081817627,-1,Int64[]
le450_5c.col,4,true,false,0.0007610321044921875,4,"[-1, -1, -1, -1, -1, -1, -1, -1, -1, -1, -1, -1, -1, -1, -1, -1, -1, -1, -1, -1, -1, -1, -1, -1, -1, -1, -1, -1, -1, -1, -1, -1, -1, -1, -1, -1, -1, -1, -1, -1, -1, -1, -1, -1, -1, -1, -1, -1, -1, -1, -1, -1, -1, -1, -1, -1, -1, -1, -1, -1, -1, -1, -1, -1, -1, -1, -1, -1, -1, -1, -1, -1, -1, -1, -1, -1, -1, -1, -1, -1, -1, -1, -1, -1, -1, -1, -1, -1, -1, -1, -1, -1, -1, -1, -1, -1, -1, -1, -1, -1, -1, -1, -1, -1, -1, -1, -1, -1, -1, -1, -1, -1, -1, -1, -1, -1, -1, -1, -1, -1, -1, -1, -1, -1, -1, -1, -1, -1, -1, -1, -1, -1, -1, -1, -1, -1, -1, -1, -1, -1, -1, -1, -1, -1, -1, -1, -1, -1, -1, -1, -1, -1, -1, -1, -1, -1, -1, -1, -1, -1, -1, -1, -1, -1, -1, -1, -1, -1, -1, -1, -1, -1, -1, -1, -1, -1, -1, -1, -1, -1, -1, -1, -1, -1, -1, -1, -1, -1, -1, -1, -1, -1, -1, -1, -1, -1, -1, -1, -1, -1, -1, -1, -1, -1, -1, -1, -1, -1, -1, -1, -1, -1, -1, -1, -1, -1, -1, -1, -1, -1, -1, -1, -1, -1, -1, -1, -1, -1, -1, -1, -1, -1, -1, -1, -1, -1, -1, -1, -1, -1, -1, -1, -1, -1, -1, -1, -1, -1, -1, -1, -1, -1, -1, -1, -1, -1, -1, -1, -1, -1, -1, -1, -1, -1, -1, -1, -1, -1, -1, -1, -1, -1, -1, -1, -1, -1, -1, -1, -1, -1, -1, -1, -1, -1, -1, -1, -1, -1, -1, -1, -1, -1, -1, -1, -1, -1, -1, -1, -1, -1, -1, -1, -1, -1, -1, -1, -1, -1, -1, -1, -1, -1, -1, -1, -1, -1, -1, -1, -1, -1, -1, -1, -1, -1, -1, -1, -1, -1, -1, -1, -1, -1, -1, -1, -1, -1, -1, -1, -1, -1, -1, -1, -1, -1, -1, -1, -1, -1, -1, -1, -1, -1, -1, -1, -1, -1, -1, -1, -1, -1, -1, -1, -1, -1, -1, -1, -1, -1, -1, -1, -1, -1, -1, -1, -1, -1, -1, -1, -1, -1, -1, -1, -1, -1, -1, -1, -1, -1, -1, -1, -1, -1, -1, -1, -1, -1, -1, -1, -1, -1, -1, -1, -1, -1, -1, -1, -1, -1, -1, -1, -1, -1, -1, -1, -1, -1, -1, -1, -1, -1, -1, -1, -1, -1, -1, -1, -1, -1, -1, -1, -1, -1, -1, -1, -1, -1, -1, -1, -1, -1, -1, -1, -1, -1, -1, -1, -1, -1, -1, -1]"
le450_5c.col,5,true,true,0.149169921875,1606,"[2, 1, 3, 4, 5, 2, 1, 3, 4, 5, 2, 1, 3, 4, 5, 2, 1, 3, 4, 5, 2, 1, 3, 4, 5, 2, 1, 3, 4, 5, 2, 1, 3, 4, 5, 2, 1, 3, 4, 5, 2, 1, 3, 4, 5, 2, 1, 3, 4, 5, 2, 1, 3, 4, 5, 2, 1, 3, 4, 5, 2, 1, 3, 4, 5, 2, 1, 3, 4, 5, 2, 1, 3, 4, 5, 2, 1, 3, 4, 5, 2, 1, 3, 4, 5, 2, 1, 3, 4, 5, 2, 1, 3, 4, 5, 2, 1, 3, 4, 5, 2, 1, 3, 4, 5, 2, 1, 3, 4, 5, 2, 1, 3, 4, 5, 2, 1, 3, 4, 5, 2, 1, 3, 4, 5, 2, 1, 3, 4, 5, 2, 1, 3, 4, 5, 2, 1, 3, 4, 5, 2, 1, 3, 4, 5, 2, 1, 3, 4, 5, 2, 1, 3, 4, 5, 2, 1, 3, 4, 5, 2, 1, 3, 4, 5, 2, 1, 3, 4, 5, 2, 1, 3, 4, 5, 2, 1, 3, 4, 5, 2, 1, 3, 4, 5, 2, 1, 3, 4, 5, 2, 1, 3, 4, 5, 2, 1, 3, 4, 5, 2, 1, 3, 4, 5, 2, 1, 3, 4, 5, 2, 1, 3, 4, 5, 2, 1, 3, 4, 5, 2, 1, 3, 4, 5, 2, 1, 3, 4, 5, 2, 1, 3, 4, 5, 2, 1, 3, 4, 5, 2, 1, 3, 4, 5, 2, 1, 3, 4, 5, 2, 1, 3, 4, 5, 2, 1, 3, 4, 5, 2, 1, 3, 4, 5, 2, 1, 3, 4, 5, 2, 1, 3, 4, 5, 2, 1, 3, 4, 5, 2, 1, 3, 4, 5, 2, 1, 3, 4, 5, 2, 1, 3, 4, 5, 2, 1, 3, 4, 5, 2, 1, 3, 4, 5, 2, 1, 3, 4, 5, 2, 1, 3, 4, 5, 2, 1, 3, 4, 5, 2, 1, 3, 4, 5, 2, 1, 3, 4, 5, 2, 1, 3, 4, 5, 2, 1, 3, 4, 5, 2, 1, 3, 4, 5, 2, 1, 3, 4, 5, 2, 1, 3, 4, 5, 2, 1, 3, 4, 5, 2, 1, 3, 4, 5, 2, 1, 3, 4, 5, 2, 1, 3, 4, 5, 2, 1, 3, 4, 5, 2, 1, 3, 4, 5, 2, 1, 3, 4, 5, 2, 1, 3, 4, 5, 2, 1, 3, 4, 5, 2, 1, 3, 4, 5, 2, 1, 3, 4, 5, 2, 1, 3, 4, 5, 2, 1, 3, 4, 5, 2, 1, 3, 4, 5, 2, 1, 3, 4, 5, 2, 1, 3, 4, 5, 2, 1, 3, 4, 5, 2, 1, 3, 4, 5, 2, 1, 3, 4, 5]"
le450_5d.col,4,true,false,0.0010349750518798828,4,"[-1, -1, -1, -1, -1, -1, -1, -1, -1, -1, -1, -1, -1, -1, -1, -1, -1, -1, -1, -1, -1, -1, -1, -1, -1, -1, -1, -1, -1, -1, -1, -1, -1, -1, -1, -1, -1, -1, -1, -1, -1, -1, -1, -1, -1, -1, -1, -1, -1, -1, -1, -1, -1, -1, -1, -1, -1, -1, -1, -1, -1, -1, -1, -1, -1, -1, -1, -1, -1, -1, -1, -1, -1, -1, -1, -1, -1, -1, -1, -1, -1, -1, -1, -1, -1, -1, -1, -1, -1, -1, -1, -1, -1, -1, -1, -1, -1, -1, -1, -1, -1, -1, -1, -1, -1, -1, -1, -1, -1, -1, -1, -1, -1, -1, -1, -1, -1, -1, -1, -1, -1, -1, -1, -1, -1, -1, -1, -1, -1, -1, -1, -1, -1, -1, -1, -1, -1, -1, -1, -1, -1, -1, -1, -1, -1, -1, -1, -1, -1, -1, -1, -1, -1, -1, -1, -1, -1, -1, -1, -1, -1, -1, -1, -1, -1, -1, -1, -1, -1, -1, -1, -1, -1, -1, -1, -1, -1, -1, -1, -1, -1, -1, -1, -1, -1, -1, -1, -1, -1, -1, -1, -1, -1, -1, -1, -1, -1, -1, -1, -1, -1, -1, -1, -1, -1, -1, -1, -1, -1, -1, -1, -1, -1, -1, -1, -1, -1, -1, -1, -1, -1, -1, -1, -1, -1, -1, -1, -1, -1, -1, -1, -1, -1, -1, -1, -1, -1, -1, -1, -1, -1, -1, -1, -1, -1, -1, -1, -1, -1, -1, -1, -1, -1, -1, -1, -1, -1, -1, -1, -1, -1, -1, -1, -1, -1, -1, -1, -1, -1, -1, -1, -1, -1, -1, -1, -1, -1, -1, -1, -1, -1, -1, -1, -1, -1, -1, -1, -1, -1, -1, -1, -1, -1, -1, -1, -1, -1, -1, -1, -1, -1, -1, -1, -1, -1, -1, -1, -1, -1, -1, -1, -1, -1, -1, -1, -1, -1, -1, -1, -1, -1, -1, -1, -1, -1, -1, -1, -1, -1, -1, -1, -1, -1, -1, -1, -1, -1, -1, -1, -1, -1, -1, -1, -1, -1, -1, -1, -1, -1, -1, -1, -1, -1, -1, -1, -1, -1, -1, -1, -1, -1, -1, -1, -1, -1, -1, -1, -1, -1, -1, -1, -1, -1, -1, -1, -1, -1, -1, -1, -1, -1, -1, -1, -1, -1, -1, -1, -1, -1, -1, -1, -1, -1, -1, -1, -1, -1, -1, -1, -1, -1, -1, -1, -1, -1, -1, -1, -1, -1, -1, -1, -1, -1, -1, -1, -1, -1, -1, -1, -1, -1, -1, -1, -1, -1, -1, -1, -1, -1, -1, -1, -1, -1, -1, -1, -1, -1, -1, -1, -1, -1, -1, -1, -1, -1, -1, -1, -1, -1, -1]"
le450_5d.col,5,true,true,0.11630487442016602,1276,"[2, 1, 3, 4, 5, 2, 1, 3, 4, 5, 2, 1, 3, 4, 5, 2, 1, 3, 4, 5, 2, 1, 3, 4, 5, 2, 1, 3, 4, 5, 2, 1, 3, 4, 5, 2, 1, 3, 4, 5, 2, 1, 3, 4, 5, 2, 1, 3, 4, 5, 2, 1, 3, 4, 5, 2, 1, 3, 4, 5, 2, 1, 3, 4, 5, 2, 1, 3, 4, 5, 2, 1, 3, 4, 5, 2, 1, 3, 4, 5, 2, 1, 3, 4, 5, 2, 1, 3, 4, 5, 2, 1, 3, 4, 5, 2, 1, 3, 4, 5, 2, 1, 3, 4, 5, 2, 1, 3, 4, 5, 2, 1, 3, 4, 5, 2, 1, 3, 4, 5, 2, 1, 3, 4, 5, 2, 1, 3, 4, 5, 2, 1, 3, 4, 5, 2, 1, 3, 4, 5, 2, 1, 3, 4, 5, 2, 1, 3, 4, 5, 2, 1, 3, 4, 5, 2, 1, 3, 4, 5, 2, 1, 3, 4, 5, 2, 1, 3, 4, 5, 2, 1, 3, 4, 5, 2, 1, 3, 4, 5, 2, 1, 3, 4, 5, 2, 1, 3, 4, 5, 2, 1, 3, 4, 5, 2, 1, 3, 4, 5, 2, 1, 3, 4, 5, 2, 1, 3, 4, 5, 2, 1, 3, 4, 5, 2, 1, 3, 4, 5, 2, 1, 3, 4, 5, 2, 1, 3, 4, 5, 2, 1, 3, 4, 5, 2, 1, 3, 4, 5, 2, 1, 3, 4, 5, 2, 1, 3, 4, 5, 2, 1, 3, 4, 5, 2, 1, 3, 4, 5, 2, 1, 3, 4, 5, 2, 1, 3, 4, 5, 2, 1, 3, 4, 5, 2, 1, 3, 4, 5, 2, 1, 3, 4, 5, 2, 1, 3, 4, 5, 2, 1, 3, 4, 5, 2, 1, 3, 4, 5, 2, 1, 3, 4, 5, 2, 1, 3, 4, 5, 2, 1, 3, 4, 5, 2, 1, 3, 4, 5, 2, 1, 3, 4, 5, 2, 1, 3, 4, 5, 2, 1, 3, 4, 5, 2, 1, 3, 4, 5, 2, 1, 3, 4, 5, 2, 1, 3, 4, 5, 2, 1, 3, 4, 5, 2, 1, 3, 4, 5, 2, 1, 3, 4, 5, 2, 1, 3, 4, 5, 2, 1, 3, 4, 5, 2, 1, 3, 4, 5, 2, 1, 3, 4, 5, 2, 1, 3, 4, 5, 2, 1, 3, 4, 5, 2, 1, 3, 4, 5, 2, 1, 3, 4, 5, 2, 1, 3, 4, 5, 2, 1, 3, 4, 5, 2, 1, 3, 4, 5, 2, 1, 3, 4, 5, 2, 1, 3, 4, 5, 2, 1, 3, 4, 5, 2, 1, 3, 4, 5, 2, 1, 3, 4, 5, 2, 1, 3, 4, 5]"
miles250.col,7,true,false,0.0003352165222167969,7,"[-1, -1, -1, -1, -1, -1, -1, -1, -1, -1, -1, -1, -1, -1, -1, -1, -1, -1, -1, -1, -1, -1, -1, -1, -1, -1, -1, -1, -1, -1, -1, -1, -1, -1, -1, -1, -1, -1, -1, -1, -1, -1, -1, -1, -1, -1, -1, -1, -1, -1, -1, -1, -1, -1, -1, -1, -1, -1, -1, -1, -1, -1, -1, -1, -1, -1, -1, -1, -1, -1, -1, -1, -1, -1, -1, -1, -1, -1, -1, -1, -1, -1, -1, -1, -1, -1, -1, -1, -1, -1, -1, -1, -1, -1, -1, -1, -1, -1, -1, -1, -1, -1, -1, -1, -1, -1, -1, -1, -1, -1, -1, -1, -1, -1, -1, -1, -1, -1, -1, -1, -1, -1, -1, -1, -1, -1, -1, -1]"
miles250.col,8,true,true,0.0025451183319091797,128,"[1, 8, 1, 6, 8, 6, 8, 8, 1, 6, 6, 7, 7, 1, 1, 1, 1, 5, 6, 1, 7, 8, 7, 8, 8, 1, 6, 5, 6, 4, 8, 1, 8, 1, 1, 3, 8, 5, 8, 8, 1, 1, 5, 5, 5, 3, 1, 1, 1, 8, 1, 3, 2, 8, 8, 8, 1, 5, 8, 5, 1, 6, 6, 8, 1, 7, 7, 4, 8, 7, 8, 7, 1, 8, 5, 1, 7, 5, 7, 7, 7, 6, 1, 8, 7, 7, 1, 5, 1, 6, 1, 8, 1, 4, 1, 1, 7, 7, 7, 7, 8, 1, 6, 8, 1, 6, 1, 1, 8, 8, 7, 1, 7, 1, 4, 3, 6, 4, 1, 1, 8, 1, 1, 4, 6, 6, 6, 7]"
miles500.col,19,true,false,0.0009000301361083984,19,"[-1, -1, -1, -1, -1, -1, -1, -1, -1, -1, -1, -1, -1, -1, -1, -1, -1, -1, -1, -1, -1, -1, -1, -1, -1, -1, -1, -1, -1, -1, -1, -1, -1, -1, -1, -1, -1, -1, -1, -1, -1, -1, -1, -1, -1, -1, -1, -1, -1, -1, -1, -1, -1, -1, -1, -1, -1, -1, -1, -1, -1, -1, -1, -1, -1, -1, -1, -1, -1, -1, -1, -1, -1, -1, -1, -1, -1, -1, -1, -1, -1, -1, -1, -1, -1, -1, -1, -1, -1, -1, -1, -1, -1, -1, -1, -1, -1, -1, -1, -1, -1, -1, -1, -1, -1, -1, -1, -1, -1, -1, -1, -1, -1, -1, -1, -1, -1, -1, -1, -1, -1, -1, -1, -1, -1, -1, -1, -1]"
miles500.col,20,true,true,0.003017902374267578,128,"[17, 12, 20, 17, 19, 18, 9, 18, 1, 11, 15, 17, 13, 17, 15, 16, 14, 19, 12, 8, 14, 7, 16, 17, 15, 13, 12, 16, 19, 10, 18, 20, 1, 18, 20, 5, 18, 19, 17, 20, 20, 18, 1, 1, 5, 18, 1, 1, 15, 16, 17, 20, 14, 1, 19, 20, 15, 13, 20, 15, 4, 7, 17, 13, 19, 4, 18, 10, 6, 20, 17, 13, 14, 20, 15, 17, 16, 13, 18, 15, 1, 2, 12, 1, 19, 1, 18, 8, 19, 13, 13, 14, 18, 9, 14, 14, 1, 20, 15, 19, 16, 19, 16, 16, 11, 1, 19, 1, 14, 16, 9, 20, 7, 15, 3, 16, 14, 3, 17, 14, 1, 1, 2, 18, 10, 1, 16, 11]"
myciel3.col,3,true,false,9.584426879882812e-5,28,"[-1, -1, -1, -1, -1, -1, -1, -1, -1, -1, -1]"
myciel3.col,4,true,true,3.886222839355469e-5,11,"[1, 2, 4, 4, 1, 3, 3, 4, 2, 3, 1]"
myciel4.col,4,true,false,0.01688098907470703,4625,"[-1, -1, -1, -1, -1, -1, -1, -1, -1, -1, -1, -1, -1, -1, -1, -1, -1, -1, -1, -1, -1, -1, -1]"
myciel4.col,5,true,true,0.00012421607971191406,23,"[1, 3, 2, 3, 1, 5, 5, 5, 5, 5, 1, 4, 4, 4, 4, 4, 5, 5, 5, 2, 5, 4, 1]"
myciel5.col,5,false,false,25.000560998916626,-1,Int64[]
myciel5.col,6,true,true,0.00041103363037109375,47,"[2, 1, 4, 1, 6, 6, 1, 4, 1, 6, 5, 3, 1, 3, 1, 6, 6, 1, 3, 1, 6, 5, 4, 2, 5, 5, 5, 6, 6, 6, 4, 4, 6, 5, 6, 5, 5, 5, 6, 6, 6, 3, 3, 6, 5, 4, 1]"
myciel6.col,6,false,false,25.001863956451416,-1,Int64[]
myciel6.col,7,true,true,0.0017108917236328125,95,"[5, 7, 1, 1, 4, 5, 7, 5, 7, 7, 1, 4, 6, 1, 1, 6, 6, 6, 6, 6, 6, 1, 7, 5, 2, 1, 1, 4, 5, 6, 5, 3, 6, 1, 6, 6, 1, 1, 6, 6, 6, 6, 6, 6, 1, 5, 7, 5, 7, 5, 3, 4, 5, 7, 5, 7, 2, 4, 4, 6, 3, 3, 6, 6, 6, 6, 6, 6, 4, 7, 5, 3, 5, 3, 4, 5, 6, 5, 3, 6, 4, 6, 6, 6, 6, 6, 6, 6, 6, 6, 6, 6, 5, 7, 1]"
myciel7.col,7,false,false,25.013916969299316,-1,Int64[]
myciel7.col,8,true,true,0.005701780319213867,191,"[6, 5, 6, 5, 7, 1, 1, 1, 1, 1, 7, 6, 8, 6, 5, 3, 1, 1, 1, 1, 1, 3, 7, 6, 8, 6, 8, 8, 1, 1, 1, 1, 1, 8, 8, 8, 8, 8, 8, 1, 1, 1, 1, 1, 8, 7, 5, 7, 7, 6, 5, 7, 1, 1, 1, 1, 1, 7, 6, 5, 6, 5, 4, 1, 1, 1, 1, 1, 4, 7, 7, 7, 6, 4, 7, 1, 1, 1, 1, 1, 7, 6, 4, 6, 4, 4, 1, 1, 1, 1, 1, 4, 7, 5, 8, 6, 5, 6, 5, 7, 6, 5, 6, 5, 2, 2, 6, 8, 6, 5, 3, 6, 5, 6, 5, 3, 8, 7, 6, 8, 6, 8, 8, 6, 8, 6, 8, 8, 8, 8, 8, 8, 8, 8, 8, 8, 8, 8, 8, 8, 7, 5, 7, 7, 6, 5, 7, 6, 5, 6, 5, 4, 7, 6, 5, 6, 5, 4, 6, 5, 6, 5, 4, 6, 7, 7, 7, 6, 4, 7, 6, 4, 6, 4, 4, 6, 6, 4, 6, 4, 4, 6, 4, 6, 4, 4, 6, 7, 5, 8, 1]"
queen11_11.col,10,true,false,0.0005829334259033203,10,"[-1, -1, -1, -1, -1, -1, -1, -1, -1, -1, -1, -1, -1, -1, -1, -1, -1, -1, -1, -1, -1, -1, -1, -1, -1, -1, -1, -1, -1, -1, -1, -1, -1, -1, -1, -1, -1, -1, -1, -1, -1, -1, -1, -1, -1, -1, -1, -1, -1, -1, -1, -1, -1, -1, -1, -1, -1, -1, -1, -1, -1, -1, -1, -1, -1, -1, -1, -1, -1, -1, -1, -1, -1, -1, -1, -1, -1, -1, -1, -1, -1, -1, -1, -1, -1, -1, -1, -1, -1, -1, -1, -1, -1, -1, -1, -1, -1, -1, -1, -1, -1, -1, -1, -1, -1, -1, -1, -1, -1, -1, -1, -1, -1, -1, -1, -1, -1, -1, -1, -1, -1]"
queen11_11.col,11,false,false,25.031904935836792,-1,Int64[]
queen13_13.col,12,true,false,0.0008919239044189453,12,"[-1, -1, -1, -1, -1, -1, -1, -1, -1, -1, -1, -1, -1, -1, -1, -1, -1, -1, -1, -1, -1, -1, -1, -1, -1, -1, -1, -1, -1, -1, -1, -1, -1, -1, -1, -1, -1, -1, -1, -1, -1, -1, -1, -1, -1, -1, -1, -1, -1, -1, -1, -1, -1, -1, -1, -1, -1, -1, -1, -1, -1, -1, -1, -1, -1, -1, -1, -1, -1, -1, -1, -1, -1, -1, -1, -1, -1, -1, -1, -1, -1, -1, -1, -1, -1, -1, -1, -1, -1, -1, -1, -1, -1, -1, -1, -1, -1, -1, -1, -1, -1, -1, -1, -1, -1, -1, -1, -1, -1, -1, -1, -1, -1, -1, -1, -1, -1, -1, -1, -1, -1, -1, -1, -1, -1, -1, -1, -1, -1, -1, -1, -1, -1, -1, -1, -1, -1, -1, -1, -1, -1, -1, -1, -1, -1, -1, -1, -1, -1, -1, -1, -1, -1, -1, -1, -1, -1, -1, -1, -1, -1, -1, -1, -1, -1, -1, -1, -1, -1]"
queen13_13.col,13,false,false,25.055752992630005,-1,Int64[]
queen5_5.col,4,true,false,6.389617919921875e-5,4,"[-1, -1, -1, -1, -1, -1, -1, -1, -1, -1, -1, -1, -1, -1, -1, -1, -1, -1, -1, -1, -1, -1, -1, -1, -1]"
queen5_5.col,5,true,true,0.00014090538024902344,25,"[5, 1, 4, 3, 2, 4, 3, 2, 5, 1, 2, 5, 1, 4, 3, 1, 4, 3, 2, 5, 3, 2, 5, 1, 4]"
queen6_6.col,6,true,false,0.0022020339965820312,239,"[-1, -1, -1, -1, -1, -1, -1, -1, -1, -1, -1, -1, -1, -1, -1, -1, -1, -1, -1, -1, -1, -1, -1, -1, -1, -1, -1, -1, -1, -1, -1, -1, -1, -1, -1, -1]"
queen6_6.col,7,true,true,0.010253190994262695,1194,"[7, 1, 4, 2, 5, 3, 2, 5, 3, 6, 7, 4, 3, 4, 1, 5, 2, 6, 5, 7, 6, 3, 4, 1, 4, 2, 5, 1, 6, 7, 1, 6, 7, 4, 3, 2]"
queen7_7.col,6,true,false,0.00021386146545410156,6,"[-1, -1, -1, -1, -1, -1, -1, -1, -1, -1, -1, -1, -1, -1, -1, -1, -1, -1, -1, -1, -1, -1, -1, -1, -1, -1, -1, -1, -1, -1, -1, -1, -1, -1, -1, -1, -1, -1, -1, -1, -1, -1, -1, -1, -1, -1, -1, -1, -1]"
queen7_7.col,7,true,true,0.024543046951293945,1976,"[1, 7, 4, 3, 6, 5, 2, 6, 5, 2, 1, 7, 4, 3, 7, 4, 3, 6, 5, 2, 1, 5, 2, 1, 7, 4, 3, 6, 4, 3, 6, 5, 2, 1, 7, 2, 1, 7, 4, 3, 6, 5, 3, 6, 5, 2, 1, 7, 4]"
queen8_12.col,11,true,false,0.00043010711669921875,11,"[-1, -1, -1, -1, -1, -1, -1, -1, -1, -1, -1, -1, -1, -1, -1, -1, -1, -1, -1, -1, -1, -1, -1, -1, -1, -1, -1, -1, -1, -1, -1, -1, -1, -1, -1, -1, -1, -1, -1, -1, -1, -1, -1, -1, -1, -1, -1, -1, -1, -1, -1, -1, -1, -1, -1, -1, -1, -1, -1, -1, -1, -1, -1, -1, -1, -1, -1, -1, -1, -1, -1, -1, -1, -1, -1, -1, -1, -1, -1, -1, -1, -1, -1, -1, -1, -1, -1, -1, -1, -1, -1, -1, -1, -1, -1, -1]"
queen8_12.col,12,true,true,0.0026857852935791016,211,"[12, 8, 4, 9, 2, 6, 3, 7, 1, 5, 11, 10, 10, 6, 5, 12, 7, 4, 11, 8, 9, 2, 1, 3, 5, 4, 9, 10, 8, 1, 6, 2, 12, 3, 7, 11, 7, 3, 12, 2, 4, 11, 10, 9, 8, 1, 6, 5, 8, 2, 1, 6, 3, 12, 5, 11, 10, 7, 9, 4, 4, 11, 10, 7, 1, 8, 9, 6, 5, 12, 3, 2, 6, 12, 2, 11, 10, 7, 4, 1, 3, 8, 5, 9, 3, 5, 7, 4, 6, 2, 8, 10, 11, 9, 12, 1]"
queen8_8.col,8,false,false,25.004289150238037,-1,Int64[]
queen8_8.col,9,true,true,7.773205041885376,259759,"[3, 4, 2, 8, 7, 5, 9, 1, 1, 5, 7, 9, 3, 2, 8, 6, 4, 9, 6, 2, 8, 7, 5, 3, 5, 2, 8, 1, 6, 3, 4, 9, 8, 7, 3, 5, 4, 9, 6, 2, 9, 6, 4, 7, 2, 8, 1, 5, 7, 3, 9, 6, 1, 4, 2, 8, 2, 1, 5, 4, 9, 6, 3, 7]"
queen9_9.col,9,false,false,25.00991988182068,-1,Int64[]
queen9_9.col,10,false,false,25.00991988182068,-1,Int64[]
